,cell0,cell1,cell2,cell3,cell4,cell5,cell6,cell7,cell8,cell9,cell10,cell11,cell12,cell13,cell14,cell15,cell16,cell17,cell18,cell19,cell20,cell21,cell22,cell23,cell24,cell25,cell26,cell27,cell28,cell29,cell30,cell31,cell32,cell33,cell34,cell35,cell36,cell37,cell38,cell39,cell40,cell41,cell42,cell43,cell44,cell45,cell46,cell47,cell48,cell49
snp0,6|0,2|0,5|0,5|0,3|0,2|0,0|0,5|0,4|0,5|1,4|0,3|1,7|0,6|0,1|3,3|0,4|0,4|0,4|0,3|0,3|0,5|0,7|1,2|0,0|0,2|1,2|4,4|1,8|1,5|0,6|0,2|0,7|0,4|0,0|0,8|0,11|0,5|1,2|0,2|1,2|0,5|0,3|1,4|0,2|1,4|0,4|0,3|1,10|0,4|0
snp1,4|0,4|1,5|1,8|0,5|1,1|0,2|0,5|0,6|0,3|0,3|0,3|0,3|0,5|1,4|0,9|0,9|0,4|0,6|0,5|0,8|1,2|0,6|0,8|0,2|0,2|0,2|0,9|0,4|0,5|1,9|0,4|0,3|0,7|1,7|0,3|0,9|1,4|0,4|2,5|0,4|0,5|0,3|0,6|0,4|1,0|0,4|0,5|0,8|0,5|0
snp2,3|1,9|1,2|1,3|0,3|0,5|0,4|0,4|0,4|0,3|0,0|0,3|0,5|0,4|0,4|1,7|2,6|0,7|0,2|0,5|0,8|1,4|0,6|0,5|0,3|1,7|0,3|0,5|0,5|0,3|0,2|1,3|1,6|0,2|0,1|1,4|0,8|0,4|1,3|0,3|0,0|0,0|0,2|1,6|0,3|0,2|1,4|0,0|0,8|0,2|0
snp3,1|0,3|0,3|0,4|2,2|3,4|3,4|1,4|0,3|2,3|0,1|0,5|1,1|0,5|2,3|0,2|3,4|0,1|0,10|0,2|3,4|3,1|3,1|3,2|1,4|4,2|4,2|0,5|0,5|4,4|3,4|0,2|2,3|0,0|0,2|0,4|0,3|0,3|0,5|4,3|2,1|1,2|1,2|3,5|5,4|4,2|0,3|0,6|1,1|0,2|3
snp4,4|2,1|2,3|5,4|0,5|1,5|0,6|2,2|4,1|1,1|2,2|1,1|2,2|2,3|0,1|3,5|0,0|0,1|2,2|2,0|1,6|0,2|0,3|1,2|0,13|0,5|1,0|0,0|4,8|0,2|0,4|7,5|0,7|0,0|3,2|1,2|1,3|2,5|3,3|0,0|0,3|0,1|0,6|0,4|0,4|0,1|1,6|0,3|0,1|1,8|0
snp5,1|5,5|6,2|1,2|5,2|0,3|1,3|1,2|1,5|2,5|1,0|6,3|0,2|1,0|2,2|1,1|1,4|4,0|0,0|2,5|2,0|3,1|4,4|2,0|3,3|0,4|3,2|2,2|3,0|6,1|2,3|0,0|3,5|3,2|2,3|3,5|4,4|4,2|1,4|6,1|3,3|2,2|6,2|4,1|0,0|1,2|2,3|2,2|4,0|2,1|1
snp6,3|0,4|1,2|2,6|0,3|0,8|1,7|0,3|0,10|0,3|1,6|0,4|1,3|0,2|0,1|2,3|0,0|4,1|4,9|0,2|0,5|0,1|0,2|0,2|1,4|0,4|0,4|1,1|3,5|1,2|0,2|2,2|0,3|0,2|0,8|0,0|0,1|0,3|0,0|0,7|0,7|0,3|1,4|0,8|0,7|0,4|0,5|0,1|4,5|0,5|0
snp7,3|0,5|0,2|3,4|0,3|0,5|0,6|0,2|0,4|0,1|0,6|1,2|8,3|0,3|0,1|1,9|0,1|2,1|2,10|0,8|0,3|0,4|0,7|0,5|0,4|0,7|0,2|0,1|3,2|0,3|1,0|4,2|0,7|0,5|0,2|0,2|1,5|1,1|0,4|0,2|0,5|1,8|0,6|0,5|0,7|0,6|3,3|0,3|0,4|0,1|0
snp8,8|0,7|0,5|0,6|0,7|1,2|1,5|0,5|0,8|0,4|0,4|0,6|0,5|1,2|1,4|0,4|0,4|0,9|0,9|1,1|0,2|0,3|0,6|0,10|0,4|0,5|0,2|0,3|0,4|0,5|0,2|0,4|0,2|1,6|0,6|0,5|0,0|0,3|0,8|0,2|0,5|1,5|0,8|0,2|0,7|1,3|1,4|1,7|0,4|0,7|0
snp9,4|0,0|0,6|0,0|2,1|2,1|0,5|1,3|0,0|2,2|0,5|1,4|1,3|0,1|0,5|0,1|2,2|1,4|1,3|0,3|4,1|3,0|1,2|0,3|7,3|2,3|0,7|0,9|0,1|2,6|1,8|0,2|3,3|3,5|1,8|0,3|1,6|0,6|0,2|2,2|0,0|1,5|3,0|0,2|1,2|0,7|0,3|2,1|0,3|0,0|0
snp10,0|0,2|1,5|0,1|1,4|0,4|2,1|0,2|0,6|0,3|0,5|0,3|0,3|0,5|0,2|0,3|0,3|1,0|0,8|0,2|0,2|0,3|1,6|0,4|0,4|1,1|0,4|0,2|0,2|3,6|0,3|0,4|0,1|0,6|0,6|0,6|0,3|0,3|2,4|0,3|0,3|1,6|0,9|0,5|2,2|0,4|2,5|0,5|0,6|0,2|2
snp11,3|5,2|1,2|1,2|3,0|4,6|3,1|1,0|3,3|1,3|3,0|2,2|4,0|5,2|3,4|3,5|1,3|5,1|3,5|6,0|0,3|6,0|2,0|2,6|0,3|0,0|4,0|0,3|2,0|3,2|4,2|1,1|3,2|4,3|2,1|0,5|3,4|1,4|2,2|1,0|3,4|3,1|2,2|0,0|3,0|3,0|0,3|3,3|3,2|0,0|2
snp12,7|0,1|0,4|0,3|0,5|0,6|1,5|0,10|0,1|0,8|1,4|0,9|2,4|0,5|0,3|0,5|1,1|0,4|0,4|0,4|0,7|1,4|0,9|0,0|0,9|1,5|0,6|0,7|0,4|1,2|0,6|0,4|0,3|2,3|0,6|1,4|0,3|0,5|0,7|0,6|1,3|0,2|0,7|0,4|0,2|1,4|0,7|1,7|0,5|0,7|1
snp13,7|0,2|0,3|1,5|0,6|0,6|1,8|0,4|0,5|0,9|0,2|4,8|1,1|3,6|1,7|1,4|1,4|0,5|0,2|0,5|0,8|0,3|0,0|0,6|0,0|0,7|0,5|0,0|0,5|0,7|0,2|0,4|0,6|0,1|0,4|0,3|2,3|0,0|7,1|0,4|0,4|2,5|0,4|0,10|0,4|0,5|0,2|0,5|1,3|1,0|0
snp14,3|0,3|2,5|0,0|1,1|7,6|0,7|0,1|0,2|1,4|0,3|0,5|0,0|0,2|3,7|2,1|1,5|0,4|0,4|0,0|0,2|3,4|4,3|4,1|0,4|4,0|3,3|0,1|0,2|2,0|3,4|0,1|0,3|3,1|0,4|0,2|0,2|0,7|0,3|0,1|5,2|4,2|4,2|2,1|3,6|3,9|0,4|1,3|0,8|0,1|0
snp15,7|0,4|0,5|0,5|0,2|0,7|0,3|0,5|1,6|0,4|0,3|0,9|0,4|0,7|0,6|0,4|0,4|1,4|0,1|0,3|1,4|1,3|0,3|0,3|2,0|0,2|3,5|1,5|0,4|1,1|0,3|0,2|4,2|1,5|0,1|0,0|0,6|0,1|0,7|0,1|0,1|0,2|2,3|0,2|0,1|0,7|0,5|0,6|0,1|1,0|0
snp16,3|0,4|0,8|0,5|0,2|3,3|0,8|0,4|1,7|0,2|0,7|0,0|0,6|0,5|0,3|3,3|0,2|0,5|1,6|0,2|0,7|1,5|1,6|0,3|0,3|0,5|0,6|0,4|0,3|0,3|0,2|0,7|0,2|1,4|0,5|0,10|0,4|0,4|0,7|0,1|1,2|0,6|0,6|0,1|0,4|0,3|0,6|0,3|0,6|0,7|0
snp17,3|0,2|0,3|0,2|0,5|0,4|0,3|0,4|0,5|0,3|0,5|0,1|0,2|0,6|0,4|0,2|0,4|0,3|0,5|1,5|0,8|0,6|0,6|0,7|0,4|0,5|1,4|0,5|0,4|0,4|0,3|3,1|0,1|0,4|0,5|1,5|0,11|2,8|0,9|0,4|0,2|1,8|0,5|0,5|1,4|0,7|1,5|0,8|0,5|0,2|0
snp18,6|2,2|0,5|0,1|0,4|0,0|1,6|0,7|0,5|1,6|0,4|0,5|0,1|0,2|0,8|0,2|1,7|0,4|0,6|0,4|0,2|0,7|0,4|1,4|0,2|3,4|0,3|0,5|0,1|0,7|0,7|0,0|0,6|0,4|0,6|0,4|0,2|0,4|0,1|0,1|3,0|2,5|0,4|0,1|2,4|0,3|1,1|4,5|0,2|0,2|0
snp19,3|0,3|2,2|0,2|0,2|2,2|2,4|0,6|0,1|2,2|0,5|0,5|0,1|1,5|3,2|0,0|6,7|0,6|1,5|0,0|4,0|1,0|2,3|2,2|0,0|1,2|0,4|0,0|0,2|1,4|0,3|0,1|0,6|2,6|0,8|0,0|0,1|1,7|0,5|1,4|3,0|1,1|0,0|3,2|2,4|1,2|0,0|4,2|0,5|0,3|2
snp20,9|0,6|1,1|1,4|0,1|2,5|0,1|0,0|0,1|0,4|1,4|0,1|0,7|0,6|0,6|0,2|0,2|0,8|0,6|0,4|1,1|1,5|1,3|1,2|0,8|1,4|0,8|0,6|0,4|0,6|0,4|0,4|0,1|3,6|0,3|0,4|0,2|0,4|0,2|0,5|0,2|0,4|0,7|0,2|0,6|0,6|0,1|1,1|0,8|0,2|0
snp21,2|0,1|0,3|0,7|0,3|0,8|0,4|1,9|0,8|0,0|0,2|2,4|1,2|2,6|0,4|0,5|0,2|0,5|0,3|0,4|0,4|0,4|0,4|0,7|0,8|0,6|1,9|1,3|0,7|0,0|0,2|0,9|0,3|0,1|0,6|0,11|0,5|0,4|5,4|1,3|0,1|0,5|0,8|2,3|0,7|0,7|0,2|1,4|0,6|1,7|0
snp22,10|0,10|2,7|0,4|0,8|0,4|0,1|0,4|0,3|0,4|0,6|1,4|0,7|0,6|0,2|0,5|1,1|0,3|0,7|1,3|0,2|0,4|0,5|0,8|0,4|0,5|0,4|0,5|0,3|0,3|0,5|0,3|0,4|0,6|1,4|3,8|0,4|0,2|0,3|0,3|0,5|0,5|0,6|1,6|0,3|1,4|0,4|0,4|0,2|0,6|0
snp23,1|0,0|0,1|0,7|1,4|0,6|0,1|0,2|0,3|0,3|0,3|0,4|0,2|0,8|0,4|0,5|0,4|0,4|1,4|0,7|0,4|0,6|1,4|0,3|0,4|0,4|0,3|0,2|0,2|0,5|0,3|0,8|1,2|0,6|1,3|1,3|0,3|2,7|0,3|0,2|1,3|1,5|0,3|0,6|0,3|0,4|0,7|0,4|0,1|0,5|0
snp24,4|0,1|2,1|3,9|0,3|0,6|1,3|2,0|0,3|0,0|3,3|2,0|1,0|6,8|0,0|0,3|0,0|1,1|1,2|0,8|1,5|0,4|0,1|1,8|0,11|0,3|1,1|5,2|2,6|0,4|0,3|6,2|0,5|0,2|2,4|0,2|3,6|0,2|5,5|0,9|0,4|0,5|0,4|0,4|0,2|0,2|1,7|0,2|0,2|3,4|0
snp25,3|4,1|2,0|1,3|3,4|0,3|3,5|0,6|5,2|1,2|4,2|2,0|3,1|3,4|4,1|4,2|1,3|3,2|0,6|4,2|3,2|3,2|3,0|5,0|4,2|2,3|6,1|4,2|3,0|1,1|4,2|1,1|0,1|4,2|6,4|0,0|4,2|2,0|1,0|3,0|3,1|3,0|3,1|2,4|0,3|2,2|4,1|2,4|1,2|1,2|1
snp26,2|0,4|0,0|0,6|0,4|0,8|0,4|0,1|0,5|1,0|0,3|2,6|0,9|0,2|1,1|0,2|0,2|0,0|0,8|0,3|1,2|0,4|0,3|0,4|0,4|0,4|0,2|0,5|1,5|0,6|0,3|1,5|0,5|0,5|0,6|0,3|0,4|0,2|0,5|0,8|1,4|0,4|0,2|0,1|0,6|0,3|0,3|1,6|0,6|0,2|1
snp27,1|0,7|0,7|1,4|0,3|0,2|0,5|0,3|1,4|0,7|0,4|0,3|0,5|0,5|0,2|0,3|0,6|1,1|0,5|1,7|0,1|0,3|0,2|0,2|0,4|0,3|0,0|0,7|0,4|1,2|0,6|0,4|0,3|0,1|6,3|3,7|0,6|0,1|0,3|0,2|2,2|2,6|0,6|0,4|0,6|0,5|2,5|0,2|1,7|1,2|1
snp28,0|3,0|4,4|5,0|0,4|0,5|0,4|2,2|2,3|0,0|1,1|3,8|2,3|4,2|0,3|1,6|0,1|4,3|3,0|5,0|0,1|1,4|2,3|0,8|1,7|0,2|0,3|2,1|3,4|0,7|0,5|0,5|0,2|0,1|2,1|1,3|1,2|1,2|4,5|1,7|0,3|0,6|0,2|0,4|0,3|0,2|1,4|0,0|0,3|1,6|0
snp29,3|2,1|3,1|6,5|0,0|0,6|0,2|1,0|4,4|1,2|4,0|2,4|1,4|4,5|0,1|1,2|0,0|2,0|5,4|1,1|0,5|0,1|0,6|0,7|0,1|0,2|0,4|1,4|2,4|0,7|1,2|3,1|0,2|0,3|2,0|7,0|1,2|4,4|3,1|0,4|0,3|0,6|0,4|0,4|0,0|0,1|1,2|1,1|3,2|1,5|0
snp30,1|0,2|0,6|7,7|0,4|0,5|0,4|1,0|1,2|0,2|1,4|4,0|3,3|1,7|0,2|2,5|1,0|1,6|0,2|6,3|0,2|2,0|0,3|0,0|0,2|1,3|0,3|3,3|1,2|0,4|0,2|3,2|1,7|0,3|4,1|6,0|3,3|1,1|2,0|0,6|0,4|0,5|0,1|1,6|0,9|1,1|5,8|0,1|4,4|2,4|1
snp31,2|0,4|2,3|0,6|0,3|0,1|0,1|0,3|4,6|0,6|1,4|3,3|0,1|5,6|0,3|3,4|0,1|7,1|3,0|4,6|0,7|0,9|1,6|0,1|0,2|0,5|2,5|0,4|4,3|2,6|0,1|3,5|0,4|0,0|0,0|1,1|3,3|5,4|4,5|0,6|0,1|0,3|0,9|0,9|0,7|1,2|2,10|0,1|2,0|1,6|0
snp32,2|0,8|0,3|0,6|0,6|1,1|0,5|0,2|0,8|1,1|0,7|0,7|0,3|0,6|0,4|0,3|0,2|0,4|0,3|0,7|0,3|0,6|0,5|0,2|0,6|0,3|0,0|0,0|0,6|1,4|0,6|1,3|0,3|0,1|2,5|0,1|0,6|0,5|0,0|0,4|1,3|0,4|0,4|0,2|0,4|0,0|1,5|0,0|1,4|0,6|0
snp33,1|0,5|1,7|0,6|1,3|0,3|1,6|0,5|0,7|0,5|0,5|0,5|0,8|0,6|1,5|0,5|0,8|0,5|0,0|0,0|0,5|0,4|1,5|0,6|0,1|0,4|0,8|0,6|0,4|1,2|0,3|0,5|1,4|0,4|1,7|0,6|0,7|1,5|0,3|0,7|1,5|0,6|0,1|0,5|0,2|0,2|1,3|0,5|1,6|0,3|0
snp34,2|0,4|0,3|0,2|0,5|1,0|0,5|0,4|0,3|0,7|0,7|0,1|0,3|0,2|1,6|0,3|0,4|0,3|0,7|0,4|0,8|0,2|0,7|0,2|0,3|0,6|0,5|0,3|0,2|1,4|0,4|1,4|0,5|0,0|0,3|0,9|0,2|1,7|1,6|0,1|1,4|0,1|0,1|1,0|0,4|2,7|0,6|0,8|0,3|0,4|0
snp35,1|1,3|0,0|1,6|1,4|0,7|1,7|2,9|0,6|0,2|1,6|1,4|0,6|0,6|0,3|1,4|0,4|0,2|0,8|0,0|0,3|0,1|1,7|0,3|0,3|0,7|0,3|1,3|0,4|0,5|1,6|1,7|0,6|0,0|1,3|1,5|0,4|0,7|2,4|0,4|0,7|0,5|0,2|0,5|0,7|0,1|4,5|0,6|0,3|0,5|1
snp36,6|0,5|0,7|0,3|1,3|1,1|1,5|0,3|2,6|0,3|1,7|1,2|0,3|1,6|0,3|0,4|0,3|0,5|0,5|0,4|0,4|0,3|0,3|0,6|0,4|0,4|0,6|0,6|0,5|0,5|0,4|0,5|0,4|0,5|0,9|0,2|0,6|0,6|1,4|0,3|0,2|0,3|0,3|0,3|0,2|0,7|0,8|0,5|0,3|0,2|0
snp37,5|2,3|1,2|0,4|0,0|2,3|3,3|2,2|2,0|4,1|2,2|2,2|1,4|0,2|2,2|4,2|4,2|3,0|5,4|2,2|1,1|2,1|1,3|1,0|0,2|2,3|4,2|2,0|2,0|2,2|4,4|4,4|3,3|0,5|1,3|2,2|3,1|4,2|3,4|0,5|3,0|3,4|2,4|1,4|0,4|0,1|3,2|1,3|3,1|2,0|4
snp38,5|0,3|1,4|0,3|0,2|0,6|0,6|0,2|0,4|1,5|0,1|0,7|0,4|0,6|2,7|0,2|0,9|1,5|0,4|0,4|0,6|0,0|1,1|0,2|0,1|0,6|0,3|1,5|1,1|0,3|1,5|0,9|2,3|0,2|0,3|0,3|1,4|0,3|0,4|1,4|1,7|0,5|0,6|0,4|0,4|0,4|0,2|1,6|0,5|0,2|0
snp39,3|0,2|0,1|0,1|1,2|5,2|0,4|0,0|0,4|3,7|0,3|0,5|1,3|0,0|0,1|1,4|1,3|0,6|0,5|0,0|6,1|3,6|4,1|3,0|0,1|1,2|2,1|0,1|1,4|6,6|1,1|0,4|5,1|0,3|0,6|1,6|0,1|1,3|0,1|1,3|4,0|1,3|3,4|2,2|3,1|1,6|0,3|3,2|0,7|0,2|1
snp40,0|2,6|0,1|0,1|0,3|0,0|1,4|0,8|0,5|0,5|0,9|0,9|0,7|1,6|0,5|0,5|1,9|0,5|1,5|0,5|0,7|0,8|0,3|0,2|0,7|0,7|1,6|0,8|0,2|1,5|0,6|0,1|1,8|0,3|0,4|0,3|0,8|0,6|0,3|0,7|1,5|0,5|0,2|1,5|0,5|0,0|0,2|1,6|0,2|1,3|0
snp41,2|1,4|0,1|0,5|0,0|0,3|1,2|0,6|1,7|1,7|0,3|0,2|1,4|0,1|3,1|1,6|0,6|1,1|0,2|0,6|0,3|3,1|3,6|0,4|0,5|0,1|0,4|0,5|0,4|0,2|0,3|3,1|0,10|0,1|0,3|0,2|0,2|0,5|0,0|4,9|0,5|0,6|1,2|2,10|0,5|0,2|0,7|0,8|0,4|0,5|1
snp42,4|0,9|1,5|0,2|4,4|1,0|4,3|0,0|0,2|0,7|0,2|0,8|0,2|0,2|5,2|1,0|2,6|0,2|0,6|0,3|3,0|0,4|2,0|2,2|1,0|0,2|3,2|0,5|0,4|2,4|4,6|1,2|8,7|1,3|0,5|0,5|0,3|0,5|0,3|0,3|4,3|3,2|4,2|5,2|2,1|4,1|0,3|5,7|1,3|1,0|1
snp43,4|0,3|0,2|0,8|0,5|0,6|0,4|0,5|0,2|0,6|0,7|0,0|1,7|0,8|0,6|0,1|0,6|0,2|0,2|1,4|0,3|0,6|0,2|1,2|0,11|0,4|0,4|1,3|0,4|0,0|0,4|0,4|0,0|0,1|0,3|0,4|1,4|1,7|0,2|0,6|0,3|0,9|0,5|0,2|0,2|0,6|0,2|0,7|0,5|0,3|0
snp44,5|0,9|1,5|0,4|0,7|1,7|0,3|0,0|0,0|0,3|0,3|0,2|0,2|0,4|0,4|0,5|0,3|1,6|0,0|3,7|0,6|0,3|0,2|0,1|0,4|1,8|0,4|0,2|0,0|0,6|0,5|0,4|0,3|1,2|0,2|1,5|0,0|0,1|0,9|0,4|0,8|0,12|0,4|0,3|0,1|0,4|0,4|0,7|1,7|1,5|0
snp45,9|0,6|0,0|0,3|0,2|0,6|0,3|0,2|1,4|1,8|0,7|1,2|0,8|2,7|0,2|0,3|1,4|0,7|0,6|0,1|0,4|1,3|0,6|1,3|0,5|1,4|0,0|0,4|0,4|1,1|0,2|0,2|0,5|0,3|0,1|1,6|0,2|0,7|0,4|0,1|0,5|1,3|1,0|0,6|0,3|0,3|0,8|0,1|0,2|0,2|0
snp46,3|1,12|0,6|0,4|0,7|2,4|0,6|1,5|0,5|0,1|0,5|0,5|0,4|0,0|0,2|0,2|0,2|0,0|0,8|0,7|0,2|0,5|0,2|1,3|0,3|2,3|0,6|0,2|1,2|0,9|0,3|0,8|0,6|0,6|0,4|2,0|0,3|0,1|0,2|0,8|0,3|0,3|0,4|0,2|1,3|0,2|0,5|1,4|0,5|0,7|0
snp47,7|0,0|5,2|6,2|0,2|3,1|2,6|4,2|1,5|4,0|1,4|5,0|5,0|2,2|3,2|2,4|3,0|2,1|0,2|0,6|2,0|5,1|5,1|2,2|3,2|3,2|3,1|6,1|0,3|3,3|4,0|0,3|2,3|4,2|2,2|3,5|4,2|4,3|0,1|3,2|2,3|2,2|3,5|0,4|0,0|2,3|2,2|2,1|3,3|3,0|4
snp48,5|0,3|0,8|0,5|0,5|0,4|0,5|0,1|0,4|0,3|0,2|0,6|1,6|0,3|4,7|1,5|0,3|1,3|0,2|0,2|0,7|0,5|0,1|1,7|1,5|0,8|1,0|0,5|0,6|1,8|0,3|0,3|0,5|0,6|0,3|0,4|1,4|1,4|0,2|2,1|0,5|0,4|0,7|0,2|0,7|0,9|0,4|0,6|1,0|0,4|1
snp49,2|0,7|1,6|0,6|3,2|1,7|1,5|0,5|0,5|1,8|1,2|0,3|0,3|0,2|0,3|1,2|0,8|1,5|0,5|0,3|0,4|0,1|1,4|0,7|1,4|0,2|0,4|0,2|0,3|0,5|0,4|0,7|0,1|0,5|0,5|0,8|0,4|0,3|0,5|0,3|0,6|0,5|0,3|0,2|0,2|1,3|0,4|0,5|1,2|0,6|0
snp50,6|2,7|0,5|0,3|4,1|2,2|3,2|0,2|1,1|3,4|0,6|0,7|0,3|0,4|1,9|1,1|2,0|0,9|1,5|1,1|3,5|4,2|2,4|4,1|4,3|0,4|1,4|0,9|0,4|1,1|0,10|0,0|1,7|5,4|0,5|0,7|0,3|1,0|0,1|0,0|0,0|6,0|2,2|0,2|1,4|0,5|0,2|3,3|1,1|0,1|0
snp51,2|4,3|6,2|0,2|0,2|0,10|0,5|7,3|0,6|0,4|5,2|2,2|0,5|2,3|0,7|2,2|1,1|3,4|0,5|4,3|0,1|0,6|1,6|0,1|0,3|0,3|0,6|0,3|0,6|0,2|0,1|3,4|1,4|0,1|2,0|0,4|7,2|4,0|3,4|0,3|0,5|1,7|1,1|0,4|1,2|0,3|1,5|0,3|1,0|3,1|0
snp52,4|1,3|0,3|0,2|0,1|0,4|0,3|1,4|0,9|0,3|0,5|0,6|0,4|0,3|0,7|0,7|0,7|0,4|1,8|0,6|0,2|0,5|0,5|0,2|0,1|0,7|0,2|0,9|0,5|1,2|1,3|0,2|1,5|0,5|0,1|0,2|0,4|1,4|0,4|0,4|1,5|0,5|0,4|0,4|0,6|0,0|0,4|0,3|1,6|1,9|0
snp53,2|4,1|2,3|0,2|1,3|2,1|2,2|1,1|4,6|2,2|4,0|2,0|3,4|4,5|1,3|1,0|4,1|3,1|3,0|1,4|1,0|4,2|1,3|4,0|2,1|2,6|3,4|1,4|1,2|2,0|3,2|2,2|0,3|2,3|5,1|3,1|3,6|0,2|2,1|1,1|2,2|0,2|3,1|2,3|2,1|5,4|4,3|1,4|4,0|4,2|4
snp54,6|0,5|1,9|0,1|3,2|7,5|4,4|1,6|0,3|5,5|0,7|0,5|0,4|1,2|1,9|0,2|3,3|0,6|0,4|0,2|0,1|3,4|0,0|0,2|0,0|1,2|4,0|0,1|0,0|6,2|1,1|0,2|2,2|1,1|0,5|0,6|1,5|0,6|0,3|5,0|3,1|0,2|1,2|3,4|4,2|2,4|0,0|2,9|0,9|0,2|5
snp55,1|2,0|3,5|2,0|0,5|0,7|0,3|3,5|1,6|0,4|1,3|0,4|0,1|4,4|0,2|3,10|1,1|3,2|1,4|2,2|1,1|0,5|0,3|0,2|0,3|2,3|1,3|1,4|1,6|0,1|0,3|1,2|0,4|0,6|2,3|3,3|0,3|4,1|2,0|0,1|0,3|0,5|0,6|1,2|0,6|1,1|5,6|0,4|1,1|1,3|0
snp56,0|2,1|3,1|3,2|0,4|1,3|0,0|0,2|2,3|0,0|3,6|4,1|4,6|3,3|0,3|3,6|0,3|1,0|2,0|5,4|0,2|0,3|2,2|0,5|0,5|0,5|0,0|2,1|0,1|1,5|0,4|3,7|0,10|0,1|2,2|5,3|1,3|3,2|4,8|1,4|0,3|0,4|0,5|1,6|1,1|1,4|3,1|0,1|2,0|0,6|0
snp57,4|1,0|0,4|1,2|0,5|0,4|1,3|0,6|0,3|0,5|0,4|1,7|0,8|0,4|0,6|1,9|0,5|1,5|0,5|0,6|1,5|0,8|0,4|0,1|0,1|0,5|0,6|0,5|0,8|0,8|0,2|1,2|0,3|0,5|0,5|0,0|0,4|1,8|0,8|1,6|1,1|1,7|0,3|0,8|0,4|1,4|0,7|1,1|0,7|0,1|0
snp58,2|0,8|0,7|1,4|0,2|0,2|0,5|0,3|0,6|0,10|0,6|0,3|2,6|0,5|0,4|0,3|0,4|0,3|0,5|0,3|0,2|0,4|0,4|0,5|0,5|0,2|0,10|1,3|0,6|0,1|0,6|0,6|0,1|0,6|0,7|0,4|1,5|0,6|0,4|2,2|0,9|0,3|0,7|0,2|1,2|0,8|0,0|0,5|0,5|0,5|0
snp59,4|1,6|1,2|0,2|0,3|0,5|1,6|0,6|0,9|0,5|0,9|1,0|0,8|0,3|0,6|1,3|0,2|0,8|0,5|1,1|0,6|1,7|0,4|0,3|0,5|0,3|1,5|0,3|0,4|0,2|0,2|1,2|0,2|0,6|0,4|0,1|0,2|0,5|0,1|0,4|0,9|0,4|1,6|0,1|0,3|0,6|0,3|0,5|0,2|0,3|0
snp60,2|0,6|0,2|0,4|1,4|0,3|0,5|0,3|0,4|0,2|2,5|0,2|0,4|0,4|0,6|0,6|0,5|0,0|0,5|1,8|0,3|0,3|0,4|1,5|1,2|0,2|0,2|0,9|0,5|0,2|0,3|0,5|0,2|0,6|0,3|0,5|0,1|1,4|0,4|0,2|0,6|0,1|0,1|0,4|0,0|0,4|1,2|0,5|1,0|0,3|1
snp61,2|2,1|1,1|4,7|0,7|0,6|0,4|3,3|3,7|0,1|0,4|0,3|2,2|0,2|0,1|3,2|1,0|5,2|5,1|3,4|0,6|0,6|0,4|0,8|0,6|0,0|0,4|4,3|1,7|1,4|0,3|0,3|0,5|0,2|1,3|0,4|4,1|1,3|4,9|0,5|0,5|0,6|0,4|0,5|1,2|0,1|0,5|0,0|3,0|3,2|0
snp62,2|4,3|6,1|0,3|1,3|0,2|2,2|4,3|1,1|1,5|0,2|2,0|5,3|4,1|0,5|0,1|2,0|0,5|1,2|3,2|0,3|0,2|3,2|4,1|1,3|1,2|2,0|1,3|1,2|0,0|5,4|2,1|3,2|2,2|4,0|3,4|5,2|4,0|3,2|3,1|2,5|0,1|4,0|4,3|3,2|4,3|6,4|3,0|5,1|1,2|2
snp63,3|0,4|0,7|1,6|0,0|2,0|0,1|0,7|0,5|0,4|0,4|0,6|0,3|0,5|0,2|0,0|0,4|0,7|0,2|0,3|0,0|0,7|0,4|0,3|1,3|0,4|0,2|0,6|0,0|0,4|0,5|0,2|0,4|1,4|0,6|0,3|1,3|1,2|0,9|0,4|1,2|0,5|0,2|0,6|0,2|0,5|0,5|0,4|0,4|1,4|1
snp64,8|0,4|1,5|0,0|0,1|0,2|1,5|1,4|0,1|0,6|0,6|0,3|0,2|0,4|1,2|0,1|0,3|0,3|0,9|1,6|1,5|0,3|0,2|0,3|0,6|0,13|0,2|0,3|1,1|0,5|0,4|0,3|0,2|0,2|0,2|1,0|0,3|0,6|0,2|0,1|0,6|0,6|0,2|1,3|0,5|0,6|0,4|0,3|1,5|0,4|1
snp65,7|0,5|0,2|7,3|1,3|0,4|0,2|0,8|0,6|1,6|0,3|0,2|2,2|0,4|0,4|3,2|0,0|5,4|6,3|1,2|0,4|0,6|1,1|0,4|0,3|0,2|0,3|1,1|2,6|0,2|0,0|1,6|0,5|0,4|0,7|1,6|0,3|0,5|3,3|0,2|0,7|0,3|1,3|0,4|0,5|0,5|0,6|0,3|1,3|0,2|0
snp66,2|0,4|0,4|1,6|0,4|0,0|0,5|1,1|0,6|1,2|0,6|1,1|0,5|0,7|0,1|0,8|0,10|0,2|2,5|0,3|0,5|0,3|0,4|0,3|0,6|0,6|0,1|1,3|0,6|0,2|0,8|0,4|0,3|1,4|0,8|0,1|0,1|0,4|1,3|0,1|0,2|1,1|0,0|0,1|0,5|0,6|0,4|0,4|0,3|0,8|0
snp67,10|0,5|0,4|0,5|0,4|0,2|0,1|0,6|0,5|0,2|0,8|0,4|1,5|0,4|1,4|0,4|0,3|1,4|0,1|0,6|0,9|0,3|0,3|0,5|1,6|0,5|0,8|2,6|0,3|0,4|0,7|1,4|0,0|0,3|0,6|0,3|1,1|0,5|0,3|1,7|0,6|0,1|0,2|0,6|1,7|0,2|0,4|0,3|0,0|0,6|1
snp68,2|1,0|0,7|0,4|0,1|0,3|1,5|0,2|0,10|1,7|0,8|0,5|0,3|0,9|0,7|0,6|0,6|0,8|0,0|0,8|0,5|0,3|2,2|0,5|0,6|0,6|0,6|0,10|0,7|1,4|0,4|0,3|0,1|5,3|0,3|1,5|0,8|0,3|0,4|0,3|0,8|0,4|0,0|0,2|1,4|0,4|1,3|0,5|0,2|0,1|0
snp69,3|3,1|4,1|3,1|0,5|0,1|0,4|2,2|0,2|1,1|3,3|1,1|0,3|7,3|0,0|2,7|0,2|1,2|0,1|6,5|0,2|0,5|1,8|0,4|0,6|0,7|0,2|2,4|3,8|0,4|0,1|2,7|0,6|0,1|4,3|3,4|5,3|2,4|1,4|1,8|2,4|0,7|0,2|1,5|0,1|1,6|2,5|0,0|3,1|1,3|0
snp70,7|0,4|0,1|0,7|0,3|0,1|0,2|0,6|1,4|0,9|0,4|0,4|1,2|0,9|0,4|1,6|0,5|1,2|0,5|1,2|0,7|0,4|0,3|0,1|0,6|1,0|0,4|0,0|0,3|1,2|2,5|0,6|0,6|0,8|1,2|0,5|0,5|0,3|0,5|0,2|0,2|1,4|1,5|1,6|0,5|0,3|0,6|0,3|0,3|0,4|0
snp71,3|3,5|3,2|2,4|0,7|0,6|0,1|2,3|6,7|0,6|2,3|5,3|3,3|2,7|0,4|4,2|0,0|0,2|2,2|7,5|0,9|0,4|0,7|0,5|0,9|0,1|0,3|3,6|1,3|0,5|1,1|2,1|0,0|0,2|6,2|3,1|3,5|4,1|3,1|0,11|0,2|0,2|1,4|0,7|0,3|0,5|3,0|0,5|4,0|0,4|0
snp72,7|1,3|0,4|0,0|0,8|0,5|0,1|0,3|0,3|1,7|1,5|0,3|0,5|0,3|0,6|0,2|0,6|0,1|0,3|0,6|0,3|0,2|0,5|1,5|0,3|0,4|0,7|0,1|0,3|0,6|0,4|1,2|1,6|0,2|1,5|0,8|2,7|0,9|0,1|0,5|0,5|1,3|1,5|0,6|0,4|1,2|0,4|1,1|0,0|0,5|0
snp73,3|0,2|0,3|0,4|1,2|0,7|0,4|0,5|1,7|0,9|0,4|0,3|1,10|1,4|0,1|0,6|0,4|0,5|0,3|0,4|0,5|0,1|1,3|0,3|0,6|0,5|0,2|0,3|0,3|1,4|0,8|0,5|0,1|1,5|0,3|0,3|0,5|0,4|0,2|0,5|0,8|1,5|2,5|0,3|0,3|0,5|0,6|0,6|0,4|1,3|0
snp74,4|0,6|0,1|0,7|2,5|0,7|1,4|0,4|0,5|0,5|0,1|4,3|0,5|2,6|0,3|0,8|0,5|0,8|0,4|0,9|1,2|0,4|1,3|0,2|1,3|1,6|0,5|0,6|0,4|0,0|0,2|0,5|0,4|0,2|0,4|0,3|0,2|0,0|4,1|0,5|0,4|0,6|0,0|0,5|0,6|0,5|0,5|1,8|1,8|0,10|0
snp75,0|0,2|1,2|0,7|0,3|0,2|0,3|4,8|3,5|0,0|0,8|0,2|1,8|2,1|1,2|0,6|0,2|0,5|0,4|1,6|0,6|0,5|1,9|0,5|1,4|0,4|0,5|0,5|0,7|0,6|0,1|0,8|0,5|0,6|0,6|0,1|0,1|2,3|0,4|0,2|0,3|1,8|0,2|0,5|0,1|0,7|0,4|2,6|0,3|0,7|0
snp76,7|0,2|0,2|1,3|0,3|0,4|3,6|0,6|0,11|0,5|0,8|0,4|0,3|0,7|0,5|0,6|1,2|0,2|0,2|0,3|0,4|0,2|0,3|0,3|0,4|0,4|0,2|0,4|0,5|0,5|0,2|0,9|1,1|0,3|0,1|0,7|0,5|0,3|1,4|0,4|0,6|0,7|1,1|0,6|1,7|1,7|0,3|0,9|0,3|0,4|0
snp77,2|0,2|0,1|0,8|0,8|1,2|0,3|0,5|0,4|0,4|1,1|0,11|1,3|1,0|0,5|0,5|1,1|0,9|0,6|0,6|0,4|1,8|0,3|1,6|0,4|0,4|0,4|0,4|0,6|1,5|0,1|2,6|0,7|1,4|0,1|0,1|2,8|0,5|1,9|0,4|1,5|0,6|0,4|0,9|0,2|1,7|0,6|1,4|0,5|1,5|0
snp78,4|0,5|0,8|0,5|0,5|1,7|0,5|0,2|0,9|0,3|0,3|2,2|1,2|2,5|0,7|0,7|0,2|0,5|0,1|1,0|0,4|0,3|0,6|1,6|0,5|0,3|0,3|0,4|0,6|0,5|0,3|0,1|0,3|0,10|1,3|0,0|2,5|0,3|2,3|1,7|0,3|0,3|0,4|0,2|0,5|0,4|0,3|0,4|0,6|0,5|0
snp79,4|0,2|0,4|1,5|4,2|3,1|1,2|0,4|1,3|1,2|0,6|0,5|0,2|0,4|2,5|0,3|6,3|0,7|0,6|0,2|4,1|1,1|4,1|0,3|2,4|2,2|1,6|0,0|0,2|0,0|2,4|0,3|3,1|1,6|0,3|0,5|1,8|0,5|0,1|2,3|1,0|5,2|5,3|1,0|0,4|2,6|0,4|1,7|1,3|1,3|0
snp80,1|5,5|0,4|1,1|1,7|0,7|0,6|1,7|0,4|0,3|0,0|0,1|1,4|1,3|0,6|1,4|0,5|0,8|0,5|0,8|0,5|0,5|1,4|2,4|0,6|0,3|1,3|1,1|1,3|3,3|0,5|0,4|0,6|0,2|0,1|3,5|0,4|0,5|0,2|0,5|0,4|0,9|0,8|0,5|0,5|0,5|1,2|0,10|0,3|0,4|0
snp81,3|0,4|0,3|0,4|0,3|0,4|0,2|0,5|1,5|0,3|1,4|0,5|1,7|0,6|0,4|0,6|0,6|1,5|1,6|0,3|0,6|0,8|0,6|0,4|0,7|1,7|0,3|0,5|0,3|2,6|1,5|0,6|0,3|0,7|0,4|1,4|0,2|0,5|0,3|0,3|0,3|0,5|0,3|0,1|0,3|0,6|1,5|0,3|0,11|1,6|0
snp82,2|1,6|0,5|0,10|0,6|1,3|0,6|0,2|0,6|0,6|0,4|1,6|0,5|0,6|0,9|0,6|1,5|1,3|1,1|0,7|1,1|0,8|1,2|0,2|0,5|0,3|0,4|0,6|2,4|0,8|0,5|0,9|1,1|1,0|0,7|0,4|0,7|0,8|0,3|1,7|0,4|0,5|0,10|0,7|0,8|0,4|0,9|0,6|0,1|0,3|0
snp83,2|3,0|3,0|1,4|0,3|1,1|0,5|0,2|0,6|0,4|3,1|5,0|5,3|1,3|0,2|0,3|1,4|2,3|2,5|2,4|0,2|0,1|2,3|1,5|0,4|0,2|1,8|4,4|4,2|0,7|1,1|0,2|0,5|0,4|4,1|4,3|1,0|3,0|2,6|0,9|0,3|0,1|0,2|1,1|1,3|0,1|0,0|0,1|1,1|3,4|1
snp84,0|0,0|0,1|0,2|2,2|1,2|2,4|2,6|0,1|2,4|0,7|1,4|0,4|0,3|0,5|1,1|4,6|0,5|0,1|0,4|5,1|0,3|3,3|2,3|3,1|7,4|3,0|1,4|0,1|2,2|0,3|0,4|0,1|1,3|0,10|0,3|1,4|0,3|0,2|5,1|1,1|5,1|4,4|0,4|1,2|1,7|0,3|2,5|0,1|0,2|2
snp85,8|0,6|1,5|0,1|0,9|0,3|0,3|0,3|0,6|0,5|0,8|1,2|0,1|0,2|0,9|0,8|0,6|0,5|0,3|0,5|0,6|0,5|0,5|0,4|1,2|0,4|0,6|0,3|1,9|0,5|0,4|0,7|0,7|0,2|1,5|0,7|1,5|0,8|0,1|0,4|0,2|0,3|0,6|0,7|0,8|0,11|1,4|0,3|0,0|0,8|1
snp86,5|0,6|0,1|0,0|2,3|2,2|1,2|1,5|1,0|1,2|1,3|0,5|0,5|1,2|1,8|0,5|2,7|0,6|1,7|0,1|3,2|0,4|3,0|4,2|0,3|0,2|1,5|1,11|0,2|4,4|1,4|0,5|2,2|4,7|0,2|1,4|1,2|0,8|0,0|2,3|0,3|5,0|2,0|0,4|3,3|1,4|0,0|2,3|0,6|1,1|4
snp87,4|0,5|0,1|0,0|0,3|0,6|0,4|0,4|0,3|1,6|0,4|0,1|0,5|0,12|0,8|0,1|0,4|0,2|0,8|0,7|1,2|1,3|0,1|0,5|0,7|4,4|0,0|0,6|0,1|0,0|0,10|0,2|0,1|0,0|0,2|0,3|0,7|0,8|0,5|0,3|1,1|0,5|0,3|1,0|2,10|0,3|0,4|1,3|0,3|1,6|0
snp88,6|0,3|0,3|0,0|0,9|0,4|0,5|1,5|0,8|0,5|3,7|0,6|0,8|0,5|0,3|0,6|0,4|0,8|0,9|2,2|1,8|0,2|0,5|0,5|1,7|1,6|0,2|0,5|0,5|1,6|0,5|0,8|0,1|0,1|0,8|0,2|0,2|0,4|0,1|0,7|0,2|0,2|0,3|1,3|0,1|0,4|0,4|0,4|0,4|0,7|0
snp89,2|2,3|2,2|2,5|2,4|2,3|0,5|0,5|3,1|3,4|2,4|5,1|4,3|2,2|3,1|4,0|4,1|4,2|4,2|0,3|0,1|3,2|3,6|0,0|3,4|2,3|4,2|3,0|4,2|5,0|1,1|1,3|2,1|4,3|5,0|2,3|1,2|5,0|3,4|1,2|5,0|3,0|1,1|2,1|2,1|0,2|1,3|2,7|1,2|1,0|1
snp90,2|0,2|0,5|0,5|0,9|2,6|0,6|0,0|0,6|0,2|0,4|0,2|1,6|0,3|0,5|0,3|1,1|0,3|0,3|1,7|1,1|0,8|0,6|0,7|1,2|0,2|0,8|0,6|0,0|1,9|0,6|0,5|0,5|1,7|0,5|0,6|1,2|0,6|0,3|0,7|0,1|0,8|0,4|0,6|0,1|0,6|1,10|2,4|1,11|0,6|0
snp91,2|0,4|0,6|0,4|0,7|0,7|1,11|1,5|0,4|1,5|0,4|0,8|0,6|0,2|0,7|0,8|1,2|0,6|0,0|0,2|1,2|0,3|0,4|1,1|0,0|0,3|1,5|2,5|0,7|0,3|1,7|1,8|0,8|0,6|0,4|1,0|0,3|1,6|0,3|0,1|0,5|0,1|0,0|2,5|0,6|1,4|0,5|0,6|0,7|0,3|0
snp92,5|1,4|0,5|0,3|0,4|0,4|0,7|0,5|0,5|1,7|0,3|1,4|0,3|1,5|1,8|1,4|0,5|1,5|0,4|0,3|0,5|0,6|0,4|0,2|0,1|1,7|0,7|0,3|1,3|0,3|1,4|0,1|0,1|0,3|0,2|0,3|0,0|0,4|0,7|2,7|0,1|0,6|0,5|1,5|1,1|0,10|0,4|0,6|0,6|0,5|0
snp93,0|1,3|3,3|2,1|4,1|1,2|3,0|0,1|0,4|2,2|2,6|4,3|5,2|3,0|0,5|0,1|3,0|3,2|1,1|4,4|4,4|1,1|2,4|3,2|0,0|0,2|0,2|5,6|1,7|2,3|3,2|0,4|1,5|2,3|3,1|0,3|4,1|1,0|2,0|1,2|2,5|2,2|1,2|0,2|3,3|2,4|2,1|5,2|3,2|2,2|0
snp94,1|0,0|3,3|1,4|3,4|2,3|2,2|2,1|4,5|3,1|1,2|1,1|0,2|0,0|2,6|7,2|3,2|3,3|8,3|5,0|2,4|2,2|3,2|5,0|2,2|0,0|2,1|2,5|4,4|4,1|4,2|3,2|1,2|3,3|3,1|1,2|1,2|3,3|1,5|5,0|2,1|5,1|2,2|1,5|4,2|4,4|2,3|4,3|1,0|0,3|1
snp95,1|0,8|1,2|0,6|1,5|0,2|0,4|1,6|1,4|0,6|0,1|2,4|0,0|1,2|0,1|0,7|0,3|1,3|0,0|2,0|2,3|1,7|0,5|0,5|0,0|0,8|0,2|1,9|0,2|0,2|0,4|0,6|0,2|0,5|0,4|0,0|0,4|0,3|0,4|0,7|0,0|0,5|0,9|0,7|2,6|0,0|0,4|0,3|0,5|0,5|0
snp96,1|0,3|0,1|5,3|0,7|0,1|0,4|0,9|0,4|1,2|0,1|0,0|3,4|0,1|0,1|3,2|2,9|2,4|3,6|0,5|0,6|0,1|0,4|0,4|0,9|0,7|0,1|0,1|4,4|0,1|0,0|0,0|0,2|0,5|0,0|0,3|0,4|0,3|0,5|1,5|0,4|0,3|0,1|1,1|0,6|0,6|0,3|0,2|2,6|2,5|0
snp97,1|2,0|0,4|3,3|0,4|1,10|1,3|3,2|1,9|2,2|2,3|4,5|1,1|6,5|0,3|4,7|1,1|2,4|1,0|1,7|0,8|0,4|0,7|0,4|1,2|0,6|0,2|1,3|2,6|0,0|0,6|3,6|0,2|0,0|4,2|1,3|3,1|1,3|3,3|0,0|1,2|0,0|0,5|0,4|0,1|0,2|2,7|0,6|1,2|5,1|0
snp98,5|0,5|0,7|1,4|0,4|0,6|0,4|0,4|0,5|0,3|0,1|0,3|0,3|0,2|0,5|0,3|0,4|0,3|0,3|0,7|0,1|0,2|0,3|1,1|2,2|0,3|0,5|0,6|0,7|0,6|1,5|0,0|0,7|0,1|4,6|0,4|0,2|0,2|0,6|1,4|1,7|2,7|0,8|0,6|0,2|0,9|0,6|0,3|0,4|0,3|0
snp99,6|0,4|1,4|1,5|0,2|0,6|0,1|0,2|0,6|0,3|0,6|0,3|0,3|1,7|0,7|0,3|0,2|1,6|1,4|0,8|0,2|0,0|0,3|0,2|0,5|0,5|0,3|0,2|0,7|0,5|1,11|1,4|0,2|1,1|0,9|0,4|0,2|1,4|0,5|1,3|0,1|0,5|2,3|0,4|0,6|1,4|0,1|0,5|2,2|0,8|1
